location,count,link
"washington, dc",3,"https://evanwill.github.io/rad_source/browse.html#washington,%20dc"
"san francisco",3,"https://evanwill.github.io/rad_source/browse.html#san%20francisco"
"cleveland, oh",2,"https://evanwill.github.io/rad_source/browse.html#cleveland,%20oh"
"boston, ma",2,"https://evanwill.github.io/rad_source/browse.html#boston,%20ma"
"san francisco, ca,",2,"https://evanwill.github.io/rad_source/browse.html#san%20francisco,%20ca,"
"san francisco, ca",2,"https://evanwill.github.io/rad_source/browse.html#san%20francisco,%20ca"
"bangor, me",1,"https://evanwill.github.io/rad_source/browse.html#bangor,%20me"
"new haven, ct",1,"https://evanwill.github.io/rad_source/browse.html#new%20haven,%20ct"
"philadelphia, pa",1,"https://evanwill.github.io/rad_source/browse.html#philadelphia,%20pa"
"natchez, ms",1,"https://evanwill.github.io/rad_source/browse.html#natchez,%20ms"
"concord, nh,",1,"https://evanwill.github.io/rad_source/browse.html#concord,%20nh,"
"milwaukee, wi",1,"https://evanwill.github.io/rad_source/browse.html#milwaukee,%20wi"
"central city, co,",1,"https://evanwill.github.io/rad_source/browse.html#central%20city,%20co,"
"cleveland, oh,",1,"https://evanwill.github.io/rad_source/browse.html#cleveland,%20oh,"
"salt lake city, ut,",1,"https://evanwill.github.io/rad_source/browse.html#salt%20lake%20city,%20ut,"
"boston, ma,",1,"https://evanwill.github.io/rad_source/browse.html#boston,%20ma,"
