subject,count,link
"morant bay rebellion",24,"https://evanwill.github.io/rad_source/browse.html#morant%20bay%20rebellion"
"daily evening bulletin",7,"https://evanwill.github.io/rad_source/browse.html#daily%20evening%20bulletin"
"national intelligencer",3,"https://evanwill.github.io/rad_source/browse.html#national%20intelligencer"
"cleveland daily herald",3,"https://evanwill.github.io/rad_source/browse.html#cleveland%20daily%20herald"
"bangor daily whig and courier",1,"https://evanwill.github.io/rad_source/browse.html#bangor%20daily%20whig%20and%20courier"
"new haven palladium",1,"https://evanwill.github.io/rad_source/browse.html#new%20haven%20palladium"
"the north american",1,"https://evanwill.github.io/rad_source/browse.html#the%20north%20american"
"natchez daily courier",1,"https://evanwill.github.io/rad_source/browse.html#natchez%20daily%20courier"
"n. y. tribune",1,"https://evanwill.github.io/rad_source/browse.html#n.%20y.%20tribune"
"boston daily advertiser",1,"https://evanwill.github.io/rad_source/browse.html#boston%20daily%20advertiser"
"new hampshire statesman",1,"https://evanwill.github.io/rad_source/browse.html#new%20hampshire%20statesman"
"milwaukee daily sentinel",1,"https://evanwill.github.io/rad_source/browse.html#milwaukee%20daily%20sentinel"
"daily central city register",1,"https://evanwill.github.io/rad_source/browse.html#daily%20central%20city%20register"
"semi-weekly telegraph",1,"https://evanwill.github.io/rad_source/browse.html#semi-weekly%20telegraph"
"liberator",1,"https://evanwill.github.io/rad_source/browse.html#liberator"
